depute_id;sexe;date_naissance;ville_naissance;departement_naissance;pays_naissance;date_deces;type_mandat;mandat_ref;acteur_ref;mandat_debut;mandat_fin;source_file
1008;Homme;1949-06-02;Libourne;Gironde;France;;MandatMission_Type;PM856622;PA1008;2025-01-15;;PA1008.csv
1567;Homme;1972-01-23;Pantin;Seine-Saint-Denis;France;;MandatSimple_Type;PM869361;PA1567;2025-05-10;2025-11-18;PA1567.csv
1592;Homme;1961-03-16;Paris;Paris;France;;MandatSimple_Type;PM863568;PA1592;2025-02-07;;PA1592.csv
1630;Homme;1951-03-06;Saint-Mandé;Paris;France;;MandatSimple_Type;PM866197;PA1630;2025-03-05;;PA1630.csv
1654;Homme;1954-08-12;Rouen;Seine-Maritime;France;;MandatParlementaire_type;PM842510;PA1654;2024-07-07;;PA1654.csv
227089;Femme;1962-10-13;Orchies;Nord;France;;MandatSimple_Type;PM843132;PA227089;2024-07-08;2024-07-18;PA227089.csv
266793;Homme;1955-03-11;Aurillac;Cantal;France;;MandatParlementaire_type;PM842402;PA266793;2024-07-07;;PA266793.csv
266797;Homme;1966-10-23;Carentan;Manche;France;;MandatSimple_Type;PM864837;PA266797;2025-02-18;;PA266797.csv
266808;Homme;1970-02-01;Moutiers;Savoie;France;;MandatSimple_Type;PM856048;PA266808;2025-01-14;;PA266808.csv
267042;Homme;1958-08-12;Chaudron-en-Mauges;Maine-et-Loire;France;;MandatSimple_Type;PM858766;PA267042;2025-01-23;;PA267042.csv
267200;Homme;1969-10-25;Béthune;Pas-de-Calais;France;;MandatSimple_Type;PM855206;PA267200;2024-12-27;;PA267200.csv
267285;Homme;1975-04-12;Lyon;Rhône;France;;MandatSimple_Type;PM842901;PA267285;2024-07-08;2024-07-18;PA267285.csv
267318;Homme;1966-03-15;Le Mans;Sarthe;France;;MandatSimple_Type;PM869112;PA267318;2025-05-03;2025-10-20;PA267318.csv
267763;Homme;1963-10-24;Hazebrouck;Nord;France;;MandatSimple_Type;PM846588;PA267763;2024-07-20;;PA267763.csv
267780;Femme;1968-11-20;Le Havre;Seine-Maritime;France;;MandatSimple_Type;PM866592;PA267780;2025-03-10;;PA267780.csv
267794;Femme;1962-10-13;Alicante;;Espagne;;MandatSimple_Type;PM859817;PA267794;2025-01-28;;PA267794.csv
2940;Femme;1958-11-04;Montbéliard;Doubs;France;;MandatSimple_Type;PM846044;PA2940;2024-07-19;;PA2940.csv
2952;Homme;1965-10-22;Villers Semeuse;Ardennes;France;;MandatSimple_Type;PM853136;PA2952;2024-12-06;;PA2952.csv
2960;Homme;1956-01-29;Creil;Oise;France;;MandatSimple_Type;PM867720;PA2960;2025-03-27;2025-10-17;PA2960.csv
309643;Femme;1963-08-11;La Roche-sur-Yon;Vendée;France;;MandatSimple_Type;PM856009;PA309643;2025-01-14;;PA309643.csv
330008;Homme;1962-11-25;Darney;Vosges;France;;MandatSimple_Type;PM864587;PA330008;2025-02-14;;PA330008.csv
330240;Homme;1965-09-28;Nice;Alpes-Maritimes;France;;MandatSimple_Type;PM863639;PA330240;2025-02-10;;PA330240.csv
330909;Homme;1962-12-13;Aurillac;Cantal;France;;MandatSimple_Type;PM842400;PA330909;2024-07-08;2024-07-18;PA330909.csv
331582;Homme;1958-02-03;Valence;Drôme;France;;MandatSimple_Type;PM846620;PA331582;2024-07-20;2025-03-18;PA331582.csv
331973;Femme;1961-04-01;Royan;Charente-Maritime;France;;MandatSimple_Type;PM867191;PA331973;2025-02-19;;PA331973.csv
332228;Homme;1966-09-13;Fougères;Ille-et-Vilaine;France;;MandatSimple_Type;PM846553;PA332228;2024-07-20;2025-01-21;PA332228.csv
332523;Femme;1958-01-10;Saint-Claude;Jura;France;;MandatSimple_Type;PM860375;PA332523;2025-01-28;2025-02-13;PA332523.csv
333285;Homme;1966-05-29;Laval;Mayenne;France;;MandatSimple_Type;PM852759;PA333285;2024-12-04;;PA333285.csv
335054;Femme;1964-12-18;Athènes;;Grèce;;MandatSimple_Type;PM855027;PA335054;2024-12-23;;PA335054.csv
335612;Homme;1958-10-13;Le Havre;Seine-Maritime;France;;MandatSimple_Type;PM863680;PA335612;2025-02-10;;PA335612.csv
335758;Homme;1974-01-03;Paris;Paris;France;;MandatSimple_Type;PM846404;PA335758;2024-07-20;2025-07-07;PA335758.csv
335999;Femme;1973-03-23;Paris;Paris;France;;MandatSimple_Type;PM869683;PA335999;2025-05-17;2025-09-16;PA335999.csv
340343;Homme;1970-11-06;Privas;Ardèche;France;;MandatSimple_Type;PM845783;PA340343;2024-07-19;;PA340343.csv
341981;Femme;1965-03-12;Langon;Gironde;France;;MandatSimple_Type;PM847458;PA341981;2024-09-20;;PA341981.csv
342196;Femme;1963-10-13;Sainte-Gemmes-d'Andigné;Maine-et-Loire;France;;MandatSimple_Type;PM863500;PA342196;2025-02-07;;PA342196.csv
342240;Homme;1963-04-10;Saint-Malo;Ille-et-Vilaine;France;;MandatSimple_Type;PM860910;PA342240;2025-01-30;2025-05-30;PA342240.csv
342384;Femme;1972-05-15;Nancy;Meurthe-et-Moselle;France;;MandatSimple_Type;PM847385;PA342384;2024-09-20;;PA342384.csv
342415;Femme;1956-08-20;Grenoble;Isère;France;;MandatSimple_Type;PM861324;PA342415;2025-01-30;;PA342415.csv
345722;Femme;1960-11-14;Chatou;Yvelines;France;;MandatSimple_Type;PM849958;PA345722;2024-10-15;;PA345722.csv
346782;Homme;1964-02-01;Orléans;Loiret;France;;MandatSimple_Type;PM868892;PA346782;2025-04-29;2025-05-01;PA346782.csv
368;Homme;1951-01-09;La Tronche;Isère;France;;MandatSimple_Type;PM873184;PA368;2025-10-01;;PA368.csv
408578;Homme;1980-01-23;La Garenne Colombes;Hauts-de-Seine;France;;MandatSimple_Type;PM849677;PA408578;2024-10-29;2024-11-20;PA408578.csv
569;Homme;1955-07-12;TOULOUSE;Haute-Garonne;France;;MandatSimple_Type;PM856302;PA569;2025-01-15;;PA569.csv
588884;Femme;1973-05-26;Saint-Cloud;Hauts-de-Seine;France;;MandatSimple_Type;PM851102;PA588884;2024-11-21;;PA588884.csv
605694;Homme;1972-03-27;Rochefort-sur-mer;Charente-Maritime;France;;MandatSimple_Type;PM852734;PA605694;2024-12-04;;PA605694.csv
605745;Homme;1968-06-17;Vierzon;Cher;France;;MandatMission_Type;PM865426;PA605745;2025-02-19;2025-10-08;PA605745.csv
605782;Homme;1980-12-10;Ajaccio;Corse-du-Sud;France;;MandatSimple_Type;PM852300;PA605782;2024-12-03;2024-12-03;PA605782.csv
606507;Homme;1973-09-22;Sainte-Foy-la-Grande;Gironde;France;;MandatSimple_Type;PM867932;PA606507;2025-04-01;2025-04-08;PA606507.csv
606545;Homme;1962-06-06;Alger;;Algérie;;MandatSimple_Type;PM861180;PA606545;2025-01-30;;PA606545.csv
606573;Femme;1956-12-26;Sainte-Adresse;Seine-Maritime;France;;MandatSimple_Type;PM850687;PA606573;2024-11-20;2024-11-22;PA606573.csv
606793;Homme;1965-08-13;Charleville-Mezières;Ardennes;France;;MandatParlementaire_type;PM842759;PA606793;2024-07-07;;PA606793.csv
607090;Homme;1969-10-22;Brioude;Haute-Loire;France;;MandatSimple_Type;PM873183;PA607090;2025-10-01;;PA607090.csv
607193;Femme;1971-07-22;Nantes;Loire-Atlantique;France;;MandatSimple_Type;PM862335;PA607193;2025-02-04;;PA607193.csv
607395;Homme;1969-10-12;Carentan;Manche;France;;MandatSimple_Type;PM855349;PA607395;2025-01-06;;PA607395.csv
607553;Homme;1964-03-17;Toul;Meurthe-et-Moselle;France;;MandatSimple_Type;PM874735;PA607553;2025-11-07;2025-11-07;PA607553.csv
607619;Homme;1962-05-21;Ploermel;Morbihan;France;;MandatSimple_Type;PM856193;PA607619;2025-01-15;;PA607619.csv
608016;Femme;1961-03-20;Buis Sur Damville;Eure;France;;MandatSimple_Type;PM875324;PA608016;2025-11-19;;PA608016.csv
608172;Femme;1964-10-06;Saint-Georges-de-Mons;Puy-de-Dôme;France;;MandatSimple_Type;PM862235;PA608172;2025-02-04;;PA608172.csv
608264;Femme;1958-10-14;Orthez;Pyrénées-Atlantiques;France;;MandatSimple_Type;PM846295;PA608264;2024-07-20;2025-06-02;PA608264.csv
608416;Homme;1964-07-02;Phalsbourg;Moselle;France;;MandatSimple_Type;PM845673;PA608416;2024-07-19;2024-10-21;PA608416.csv
608826;Femme;1979-08-16;Bonneville;Haute-Savoie;France;;MandatSimple_Type;PM870271;PA608826;2025-05-31;2025-06-05;PA608826.csv
609332;Homme;1968-08-18;La Tronche;Isère;France;;MandatSimple_Type;PM845779;PA609332;2024-07-19;;PA609332.csv
610002;Femme;1970-08-13;Nice;Alpes-Maritimes;France;;MandatParlementaire_type;PM846653;PA610002;2024-07-20;2025-10-01;PA610002.csv
610654;Homme;1965-05-15;Fort-de-France;Martinique;France;;MandatSimple_Type;PM869106;PA610654;2025-05-03;2025-06-27;PA610654.csv
610968;Homme;1972-03-27;Shemran;;Iran;;MandatSimple_Type;PM866516;PA610968;2025-03-06;;PA610968.csv
642695;Homme;1966-10-20;Paimpol;Côtes-d'Armor;France;;MandatSimple_Type;PM852620;PA642695;2024-12-04;2025-09-25;PA642695.csv
642725;Homme;1961-01-24;Pontarlier;Doubs;France;;MandatSimple_Type;PM872451;PA642725;2025-07-09;2025-07-09;PA642725.csv
642764;Homme;1956-06-16;Encausse-les-Thermes;Haute-Garonne;France;;MandatSimple_Type;PM875723;PA642764;2025-11-29;;PA642764.csv
642847;Homme;1984-10-27;Nancy;Meurthe-et-Moselle;France;;MandatSimple_Type;PM845669;PA642847;2024-07-19;;PA642847.csv
642868;Homme;1971-02-10;Les Sables d'Olonne;Vendée;France;;MandatSimple_Type;PM863067;PA642868;2025-02-05;;PA642868.csv
642935;Homme;1976-04-28;Strasbourg;Bas-Rhin;France;;MandatSimple_Type;PM874136;PA642935;2025-10-23;;PA642935.csv
642988;Homme;1969-06-08;Boulogne-Billancourt;Hauts-de-Seine;France;;MandatSimple_Type;PM870984;PA642988;2025-06-11;2025-09-30;PA642988.csv
643089;Homme;1969-06-26;Paris 14ème;Paris;France;;MandatSimple_Type;PM865190;PA643089;2025-02-19;;PA643089.csv
643104;Femme;1970-10-04;Chartres;Eure-et-Loir;France;;MandatSimple_Type;PM873191;PA643104;2025-10-01;;PA643104.csv
643143;Homme;1962-06-18;Pointe-à-Pitre;Guadeloupe;France;;MandatSimple_Type;PM845852;PA643143;2024-07-19;;PA643143.csv
643157;Homme;1960-08-14;Saint-Denis;Réunion;France;;MandatSimple_Type;PM868519;PA643157;2025-04-09;2025-04-11;PA643157.csv
643175;Femme;1973-11-03;Angers;Maine-et-Loire;France;;MandatSimple_Type;PM855461;PA643175;2025-01-07;;PA643175.csv
643184;Femme;1956-07-22;Colmar;Haut-Rhin;France;;MandatSimple_Type;PM855603;PA643184;2025-01-08;;PA643184.csv
643192;Femme;1958-09-02;Domfront;Orne;France;;MandatSimple_Type;PM850941;PA643192;2024-11-06;;PA643192.csv
677483;Homme;1969-03-25;Saint-Yriex-la-Perche;Haute-Vienne;France;;MandatParlementaire_type;PM842435;PA677483;2024-07-07;;PA677483.csv
687214;Homme;1968-05-06;Maisons-Alfort;Val-de-Marne;France;;MandatSimple_Type;PM859143;PA687214;2025-01-24;;PA687214.csv
695512;Homme;1978-12-21;Besançon;Doubs;France;;MandatSimple_Type;PM857637;PA695512;2025-01-22;;PA695512.csv
712014;Homme;1966-06-21;Watermael Boitsfort;;Belgique;;MandatSimple_Type;PM866518;PA712014;2025-03-06;;PA712014.csv
712015;Homme;1985-05-21;Saint Quentin;Aisne;France;;MandatSimple_Type;PM856905;PA712015;2025-01-17;;PA712015.csv
717161;Femme;1961-04-18;Paris;Paris;France;;MandatSimple_Type;PM15873424;PA717161;2025-10-05;2025-10-10;PA717161.csv
717379;Homme;1974-04-28;Saint-Maur-des-Fossés;Val-de-Marne;France;;MandatSimple_Type;PM865430;PA717379;2025-02-20;2025-03-05;PA717379.csv
718674;Femme;1981-10-17;Saint-Germain-en-Laye;Yvelines;France;;MandatSimple_Type;PM861675;PA718674;2025-01-31;;PA718674.csv
718784;Homme;1970-08-18;Antibes;Alpes-Maritimes;France;;MandatSimple_Type;PM861320;PA718784;2025-01-30;;PA718784.csv
718838;Homme;1968-04-02;Avignon;Vaucluse;France;;MandatSimple_Type;PM853599;PA718838;2024-12-06;;PA718838.csv
718850;Homme;1972-05-27;Charleville-Mézières;Ardennes;France;;MandatSimple_Type;PM864841;PA718850;2025-02-18;;PA718850.csv
718884;Femme;1969-10-31;Romilly-sur-Seine;Aube;France;;MandatSimple_Type;PM853602;PA718884;2024-12-06;;PA718884.csv
719024;Homme;1973-04-09;Caen;Calvados;France;;MandatSimple_Type;PM853458;PA719024;2024-12-06;;PA719024.csv
719032;Homme;1970-05-26;Juvisy-sur-Orge;Essonne;France;;MandatSimple_Type;PM864945;PA719032;2025-02-18;;PA719032.csv
719052;Homme;1984-02-11;Moulins;Allier;France;;MandatMission_Type;PM852121;PA719052;2024-11-27;2025-03-19;PA719052.csv
719080;Femme;1974-01-02;Périgueux;Dordogne;France;;MandatSimple_Type;PM857207;PA719080;2025-01-22;2025-01-22;PA719080.csv
719118;Homme;1972-11-19;Bourges;Cher;France;;MandatSimple_Type;PM863319;PA719118;2025-02-06;;PA719118.csv
719138;Homme;1945-09-28;Bastia;Corse;France;;MandatSimple_Type;PM864483;PA719138;2025-02-12;;PA719138.csv
719218;Homme;1990-01-15;Madanzh Buhimga;;Rwanda;;MandatSimple_Type;PM845461;PA719218;2024-07-19;;PA719218.csv
719272;Femme;1960-12-08;Paris;Paris;France;;MandatSimple_Type;PM868409;PA719272;2025-04-08;2025-04-29;PA719272.csv
719286;Homme;1967-08-17;Bastia;Corse;France;;MandatSimple_Type;PM852262;PA719286;2024-11-30;2024-12-03;PA719286.csv
719338;Femme;1960-04-06;Brest;Finistère;France;;MandatSimple_Type;PM857034;PA719338;2025-01-21;2025-01-21;PA719338.csv
719372;Homme;1987-02-28;Marseille;Bouches-du-Rhône;France;;MandatSimple_Type;PM861746;PA719372;2025-02-02;;PA719372.csv
719388;Femme;1973-04-29;Brest;Finistère;France;;MandatSimple_Type;PM854587;PA719388;2024-12-19;2025-01-21;PA719388.csv
719404;Homme;1965-07-19;Castres;Tarn;France;;MandatSimple_Type;PM842649;PA719404;2024-07-08;2024-07-18;PA719404.csv
719412;Femme;1991-03-18;Saint-Brieuc;Côtes-d'Armor;France;;MandatParlementaire_type;PM842651;PA719412;2024-07-07;;PA719412.csv
719436;Homme;1983-12-22;Nîmes;Gard;France;;MandatSimple_Type;PM856520;PA719436;2025-01-15;;PA719436.csv
719472;Homme;1958-06-09;Paris;Paris;France;;MandatSimple_Type;PM867686;PA719472;2025-03-27;;PA719472.csv
719512;Femme;1963-06-10;Agen;Lot-et-Garonne;France;;MandatSimple_Type;PM858906;PA719512;2025-01-24;;PA719512.csv
719528;Homme;1965-10-14;Toulouse;Haute-Garonne;France;;MandatSimple_Type;PM864912;PA719528;2025-02-18;;PA719528.csv
719550;Femme;1967-03-12;Pancevo;;Serbie;;MandatSimple_Type;PM860656;PA719550;2025-01-29;;PA719550.csv
719558;Homme;1971-02-21;Lorient;Morbihan;France;;MandatSimple_Type;PM849386;PA719558;2024-10-24;2024-11-20;PA719558.csv
719578;Homme;1969-08-19;Bègles;Gironde;France;;MandatSimple_Type;PM851070;PA719578;2024-11-06;;PA719578.csv
719632;Femme;1968-12-16;Bordeaux;Gironde;France;;MandatSimple_Type;PM868589;PA719632;2025-04-10;2025-04-11;PA719632.csv
719640;Femme;1959-09-13;Montauban;Tarn-et-Garonne;France;;MandatSimple_Type;PM864625;PA719640;2025-02-14;;PA719640.csv
719736;Femme;1975-05-26;La Tronche;Isère;France;;MandatSimple_Type;PM866164;PA719736;2025-03-05;2025-03-05;PA719736.csv
719756;Femme;1964-10-28;Noisy-le-Sec;Paris;France;;MandatSimple_Type;PM872343;PA719756;2025-07-02;;PA719756.csv
719778;Homme;1966-03-21;Chateauroux;Indre;France;;MandatSimple_Type;PM873358;PA719778;2025-10-02;;PA719778.csv
719798;Homme;1955-07-16;Paris;Paris;France;;MandatSimple_Type;PM871465;PA719798;2025-06-19;2025-11-05;PA719798.csv
719822;Femme;1959-05-18;Remscheid;;Allemagne;;MandatSimple_Type;PM874022;PA719822;2025-10-21;2025-10-21;PA719822.csv
719890;Femme;1947-07-04;Longwy-sur-le-Doubs;Jura;France;;MandatMission_Type;PM862586;PA719890;2025-02-05;;PA719890.csv
719914;Femme;1956-03-04;Dax;Landes;France;;MandatSimple_Type;PM842865;PA719914;2024-07-08;2024-07-18;PA719914.csv
719922;Homme;1971-05-06;Toulouse;Haute-Garonne;France;;MandatSimple_Type;PM857071;PA719922;2025-01-21;;PA719922.csv
719930;Homme;1975-07-25;Beyrouth;;Liban;;MandatSimple_Type;PM842871;PA719930;2024-07-08;2024-07-18;PA719930.csv
719938;Homme;1971-01-11;Paris;Paris;France;;MandatSimple_Type;PM872408;PA719938;2025-07-08;2025-07-08;PA719938.csv
719968;Femme;1969-12-21;Saint-Just-Saint-Rambert;Loire;France;;MandatSimple_Type;PM850440;PA719968;2024-11-07;;PA719968.csv
720022;Homme;1957-03-20;Castelsarrasin;Tarn-et-Garonne;France;;MandatSimple_Type;PM851027;PA720022;2024-11-06;;PA720022.csv
720038;Femme;1975-09-19;Guérande;Loire-Atlantique;France;;MandatSimple_Type;PM872125;PA720038;2025-07-01;;PA720038.csv
720092;Homme;1968-03-23;Blois;Loir-et-Cher;France;;MandatSimple_Type;PM853853;PA720092;2024-12-11;2024-12-11;PA720092.csv
720100;Homme;1986-03-14;Cahors;Lot;France;;MandatSimple_Type;PM842952;PA720100;2024-07-08;2024-07-18;PA720100.csv
720138;Femme;1981-01-21;Chartres;Eure-et-Loir;France;;MandatSimple_Type;PM864521;PA720138;2025-02-12;;PA720138.csv
720146;Homme;1981-04-11;Nice;Alpes-Maritimes;France;;MandatSimple_Type;PM862227;PA720146;2025-02-04;;PA720146.csv
720154;Femme;1951-12-18;Felletin;Creuse;France;;MandatSimple_Type;PM859856;PA720154;2025-01-28;;PA720154.csv
720162;Homme;1967-03-25;Limoges;Haute-Vienne;France;;MandatSimple_Type;PM859748;PA720162;2025-01-27;;PA720162.csv
720190;Homme;1965-05-08;Cherbourg;Manche;France;;MandatSimple_Type;PM860764;PA720190;2025-01-29;;PA720190.csv
720230;Femme;1984-12-31;Châlons-sur-Marne;Marne;France;;MandatSimple_Type;PM849102;PA720230;2024-10-18;2024-11-20;PA720230.csv
720256;Femme;1979-11-22;Laval;Mayenne;France;;MandatSimple_Type;PM845705;PA720256;2024-07-19;;PA720256.csv
720334;Homme;1962-05-15;Paris;Paris;France;;MandatSimple_Type;PM870493;PA720334;2025-06-04;;PA720334.csv
720342;Femme;1959-09-28;Pontivy;Morbihan;France;;MandatSimple_Type;PM857816;PA720342;2025-01-23;;PA720342.csv
720354;Homme;1968-02-29;Metz;Moselle;France;;MandatSimple_Type;PM858301;PA720354;2025-01-23;;PA720354.csv
720362;Homme;1969-07-09;Timgad;;Algérie;;MandatSimple_Type;PM855496;PA720362;2025-01-08;;PA720362.csv
720370;Homme;1987-04-11;Metz;Moselle;France;;MandatSimple_Type;PM861496;PA720370;2025-01-30;;PA720370.csv
720386;Homme;1986-08-23;Sarrebourg;Moselle;France;;MandatSimple_Type;PM852707;PA720386;2024-12-04;;PA720386.csv
720430;Homme;1989-09-25;Arras;Pas-de-Calais;France;;MandatSimple_Type;PM852083;PA720430;2024-11-27;2024-11-27;PA720430.csv
720446;Femme;1959-07-29;Lille;Nord;France;;MandatSimple_Type;PM853205;PA720446;2024-12-06;;PA720446.csv
720468;Homme;1973-04-13;Beauvais;Oise;France;;MandatSimple_Type;PM866879;PA720468;2025-03-14;;PA720468.csv
720552;Femme;1968-08-10;Villers-Semeuse;Ardennes;France;;MandatSimple_Type;PM852329;PA720552;2024-10-15;;PA720552.csv
720560;Femme;1978-03-19;Nevers;Nièvre;France;;MandatSimple_Type;PM845711;PA720560;2024-07-19;;PA720560.csv
720614;Femme;1968-08-05;Neuilly-sur-Seine;Hauts-de-Seine;France;;MandatSimple_Type;PM846007;PA720614;2024-07-19;;PA720614.csv
720644;Homme;1972-08-25;Valence;Drôme;France;;MandatSimple_Type;PM853527;PA720644;2024-12-06;;PA720644.csv
720668;Homme;1986-03-14;Lens;Pas-de-Calais;France;;MandatSimple_Type;PM860228;PA720668;2025-01-28;;PA720668.csv
720720;Femme;1954-01-13;Paris;Paris;France;;MandatSimple_Type;PM848829;PA720720;2024-10-17;2025-04-02;PA720720.csv
720728;Homme;1954-03-21;Saarburg;;Allemagne;;MandatSimple_Type;PM872555;PA720728;2025-07-10;2025-07-10;PA720728.csv
720822;Homme;1976-09-22;Laxou;Meurthe-et-Moselle;France;;MandatSimple_Type;PM871249;PA720822;2025-06-14;2025-06-17;PA720822.csv
720838;Femme;1964-03-16;Gazahouet;;Algérie;;MandatSimple_Type;PM863926;PA720838;2025-02-11;;PA720838.csv
720846;Homme;1980-08-05;Vitry sur Seine;Val-de-Marne;France;;MandatSimple_Type;PM852079;PA720846;2024-11-27;2024-11-27;PA720846.csv
720892;Femme;1989-01-15;Tours;Indre-et-Loire;France;;MandatSimple_Type;PM845559;PA720892;2024-07-19;;PA720892.csv
720952;Homme;1984-05-26;Niort;Deux-Sèvres;France;;MandatSimple_Type;PM861709;PA720952;2025-01-31;;PA720952.csv
720960;Homme;1974-06-21;Pointe-à-Pitre;Guadeloupe;France;;MandatSimple_Type;PM853574;PA720960;2024-12-06;;PA720960.csv
720976;Homme;1956-02-24;Deshaies;Guadeloupe;France;;MandatSimple_Type;PM875509;PA720976;2025-11-25;2025-11-26;PA720976.csv
720992;Homme;1985-06-03;Fort-de-France;Martinique;France;;MandatSimple_Type;PM853570;PA720992;2024-12-06;;PA720992.csv
721004;Femme;1978-03-20;Casablanca;;Maroc;;MandatSimple_Type;PM859459;PA721004;2025-01-27;;PA721004.csv
721024;Femme;1963-04-20;Neuilly sur seine;Paris;France;;MandatSimple_Type;PM861785;PA721024;2025-02-03;;PA721024.csv
721062;Homme;1967-06-25;Saint-Benoit;Réunion;France;;MandatSimple_Type;PM843741;PA721062;2024-07-08;2024-07-18;PA721062.csv
721110;Femme;1972-06-16;Papeete;Polynésie Française;France;;MandatParlementaire_type;PM843782;PA721110;2024-07-07;;PA721110.csv
721158;Homme;1986-11-02;Paris;Paris;France;;MandatSimple_Type;PM863177;PA721158;2025-02-06;;PA721158.csv
721182;Homme;1961-02-10;Marseille;Bouches-du-Rhône;France;;MandatSimple_Type;PM864157;PA721182;2025-02-11;;PA721182.csv
721202;Homme;1958-12-30;Courbevoie;Paris;France;;MandatSimple_Type;PM858727;PA721202;2025-01-23;2025-02-06;PA721202.csv
721210;Homme;1968-08-17;Béziers;Hérault;France;;MandatSimple_Type;PM853423;PA721210;2024-12-06;;PA721210.csv
721234;Femme;1971-11-15;Paris;Paris;France;;MandatSimple_Type;PM845738;PA721234;2024-07-19;;PA721234.csv
721270;Homme;1962-07-24;Pau;Pyrénées-Atlantiques;France;;MandatSimple_Type;PM846545;PA721270;2024-07-20;2024-10-01;PA721270.csv
721296;Homme;1986-02-01;Beauvais;Oise;France;;MandatSimple_Type;PM859638;PA721296;2025-01-27;;PA721296.csv
721314;Homme;1990-02-14;Mulhouse;Haut-Rhin;France;;MandatSimple_Type;PM846011;PA721314;2024-07-19;;PA721314.csv
721336;Femme;1981-11-03;Strasbourg;Bas-Rhin;France;;MandatSimple_Type;PM862374;PA721336;2025-02-04;;PA721336.csv
721410;Femme;1980-08-02;Chambéry;Savoie;France;;MandatSimple_Type;PM856121;PA721410;2025-01-15;2025-01-15;PA721410.csv
721426;Femme;1969-11-02;Bonneville;Haute-Savoie;France;;MandatSimple_Type;PM861642;PA721426;2024-10-15;;PA721426.csv
721458;Homme;1970-01-12;Chamonix Mont-Blanc;Haute-Savoie;France;;MandatSimple_Type;PM866665;PA721458;2025-03-04;;PA721458.csv
721474;Homme;1969-10-14;Epinal;Vosges;France;;MandatMission_Type;PM857529;PA721474;2025-01-22;;PA721474.csv
721486;Homme;1983-12-30;Remiremont;Vosges;France;;MandatSimple_Type;PM873179;PA721486;2025-10-01;;PA721486.csv
721584;Homme;1977-03-02;Toulon;Var;France;;MandatSimple_Type;PM853706;PA721584;2024-12-06;;PA721584.csv
721750;Femme;1979-07-24;Rennes;Ille-et-Vilaine;France;;MandatAvecSuppleant_Type;PM864340;PA721750;2025-02-13;2025-03-17;PA721750.csv
721764;Femme;1978-09-30;Paris;Paris;France;;MandatSimple_Type;PM872089;PA721764;2025-07-02;2025-07-02;PA721764.csv
721816;Homme;1988-05-05;Belfort;Territoire de Belfort;France;;MandatSimple_Type;PM856551;PA721816;2025-01-16;;PA721816.csv
721844;Femme;1965-08-30;Martigues;Bouches-du-Rhône;France;;MandatMission_Type;PM870124;PA721844;2025-05-28;2025-06-20;PA721844.csv
721852;Femme;1990-12-17;Vernon;Eure;France;;MandatSimple_Type;PM869760;PA721852;2025-05-21;2025-05-21;PA721852.csv
721896;Femme;1981-08-06;Amiens;Somme;France;;MandatSimple_Type;PM861459;PA721896;2025-01-31;2025-02-28;PA721896.csv
721908;Femme;1970-12-07;Nancy;Meurthe-et-Moselle;France;;MandatSimple_Type;PM870450;PA721908;2025-06-04;2025-06-04;PA721908.csv
721916;Femme;1961-02-18;Limoges;Haute-Vienne;France;;MandatSimple_Type;PM858554;PA721916;2025-01-23;;PA721916.csv
721932;Femme;1964-12-15;Colmar;Haut-Rhin;France;;MandatSimple_Type;PM855528;PA721932;2025-01-08;;PA721932.csv
721960;Femme;1980-07-12;Libreville;;Gabon;;MandatSimple_Type;PM855573;PA721960;2025-01-08;;PA721960.csv
721984;Homme;1975-04-21;Paris;Paris;France;;MandatSimple_Type;PM868450;PA721984;2025-04-08;;PA721984.csv
722000;Homme;1974-03-14;Strasbourg;Bas-Rhin;France;;MandatSimple_Type;PM860477;PA722000;2025-01-28;;PA722000.csv
722070;Homme;1991-11-26;Fontenay-le-Comte;Vendée;France;;MandatAvecSuppleant_Type;PM848224;PA722070;2024-10-03;;PA722070.csv
722102;Femme;1956-09-17;La Bohalle;Maine-et-Loire;France;;MandatSimple_Type;PM850937;PA722102;2024-11-06;;PA722102.csv
722134;Homme;1964-06-19;Bressuire;Deux-Sèvres;France;;MandatSimple_Type;PM873971;PA722134;2025-10-21;2025-10-21;PA722134.csv
722142;Homme;1975-10-18;Calais;Pas-de-Calais;France;;MandatAvecSuppleant_Type;PM873788;PA722142;2025-10-15;2025-10-15;PA722142.csv
722150;Homme;1988-10-08;Bressuire;Deux-Sèvres;France;;MandatSimple_Type;PM860587;PA722150;2025-01-29;;PA722150.csv
722162;Homme;1972-07-26;Tours;Indre-et-Loire;France;;MandatSimple_Type;PM843597;PA722162;2024-07-08;2024-07-18;PA722162.csv
722190;Homme;1989-03-16;Clamart;Hauts-de-Seine;France;;MandatSimple_Type;PM854585;PA722190;2024-12-19;2025-01-21;PA722190.csv
722252;Femme;1977-01-18;Saint-Cyr-l'Ecole;Yvelines;France;;MandatSimple_Type;PM862514;PA722252;2025-02-04;;PA722252.csv
722284;Homme;1959-04-07;Colmar;Haut-Rhin;France;;MandatSimple_Type;PM851099;PA722284;2024-11-21;;PA722284.csv
722336;Homme;1972-05-23;Toulouse;Haute-Garonne;France;;MandatSimple_Type;PM863747;PA722336;2025-02-10;;PA722336.csv
722358;Homme;1981-05-21;Saint-Symphorien-sur-Coise;Rhône;France;;MandatSimple_Type;PM856586;PA722358;2025-01-16;;PA722358.csv
722366;Homme;1969-11-27;Rodez;Aveyron;France;;MandatSimple_Type;PM866740;PA722366;2025-03-12;2025-03-12;PA722366.csv
722374;Homme;1958-04-30;Lyon;Rhône;France;;MandatSimple_Type;PM859498;PA722374;2025-01-27;;PA722374.csv
722382;Homme;1979-01-25;Villefranche-sur-Saone;Rhône;France;;MandatSimple_Type;PM870700;PA722382;2025-06-05;;PA722382.csv
722390;Femme;1959-09-30;Le Creusot;Saône-et-Loire;France;;MandatSimple_Type;PM865286;PA722390;2025-02-19;;PA722390.csv
736201;Femme;1974-10-04;Ermont;Val-d'Oise;France;;MandatSimple_Type;PM853782;PA736201;2024-12-04;;PA736201.csv
757225;Homme;1971-12-27;Uvea;Mayotte;France;;MandatSimple_Type;PM869328;PA757225;2025-05-08;2025-05-15;PA757225.csv
759832;Femme;1974-06-19;Paris;Paris;France;;MandatSimple_Type;PM15847765;PA759832;2024-09-22;2024-12-13;PA759832.csv
774954;Femme;1983-06-12;Toul;Meurthe-et-Moselle;France;;MandatSimple_Type;PM856300;PA774954;2024-10-02;;PA774954.csv
774958;Homme;1960-08-15;Le Mesnil Esnard;Seine-Maritime;France;;MandatSimple_Type;PM875037;PA774958;2025-11-13;;PA774958.csv
774960;Femme;1965-09-20;Neuilly-sur-Seine;Paris;France;;MandatSimple_Type;PM854617;PA774960;2024-12-19;;PA774960.csv
774962;Femme;1985-06-09;Le Port;Réunion;France;;MandatSimple_Type;PM848161;PA774962;2024-10-02;;PA774962.csv
791812;Femme;1979-06-03;Bonneville;Haute-Savoie;France;;MandatSimple_Type;PM865037;PA791812;2025-02-18;;PA791812.csv
791824;Femme;1985-11-17;Paris;Paris;France;;MandatSimple_Type;PM847456;PA791824;2024-09-20;;PA791824.csv
793094;Homme;1981-05-14;Vichy;;France;;MandatSimple_Type;PM850866;PA793094;2024-11-06;;PA793094.csv
793102;Homme;1952-05-07;Manosque;Alpes-de-Haute-Provence;France;;MandatSimple_Type;PM873215;PA793102;2025-10-01;;PA793102.csv
793122;Homme;1980-05-05;Villeurbanne;Rhône;France;;MandatSimple_Type;PM852692;PA793122;2024-12-04;;PA793122.csv
793134;Homme;1973-01-15;Roanne;Loire;France;;MandatSimple_Type;PM860619;PA793134;2025-01-29;;PA793134.csv
793146;Homme;1977-04-19;Laon;;France;;MandatSimple_Type;PM845742;PA793146;2024-07-19;;PA793146.csv
793158;Homme;1971-07-27;Chauny;;France;;MandatSimple_Type;PM840259;PA793158;2024-07-01;2024-07-18;PA793158.csv
793166;Homme;1981-06-29;Noisy-le-Grand;Seine-Saint-Denis;France;;MandatSimple_Type;PM866520;PA793166;2025-03-06;;PA793166.csv
793174;Homme;1975-10-07;Moulins;Allier;France;;MandatSimple_Type;PM869542;PA793174;2025-05-15;2025-05-27;PA793174.csv
793182;Homme;1993-03-30;Saint Martin d'Hères;Isère;France;;MandatSimple_Type;PM857568;PA793182;2025-01-22;;PA793182.csv
793194;Homme;1968-08-31;Villers-Semeuse;;France;;MandatSimple_Type;PM860731;PA793194;2025-01-29;;PA793194.csv
793214;Femme;1974-11-16;Toulouse;Haute-Garonne;France;;MandatSimple_Type;PM875610;PA793214;2025-11-22;;PA793214.csv
793218;Homme;1995-01-30;Troyes;Aube;France;;MandatSimple_Type;PM861638;PA793218;2025-01-31;;PA793218.csv
793230;Femme;1988-03-16;Troyes;Aube;France;;MandatSimple_Type;PM865856;PA793230;2025-02-18;;PA793230.csv
793238;Homme;1966-10-12;Carcassonne;Aude;France;;MandatMission_Type;PM849889;PA793238;2024-10-29;2025-05-28;PA793238.csv
793246;Homme;1985-11-23;Besançon;Doubs;France;;MandatSimple_Type;PM870986;PA793246;2025-06-11;;PA793246.csv
793254;Homme;1993-07-31;Carcassonne;Aude;France;;MandatSimple_Type;PM855031;PA793254;2024-12-23;;PA793254.csv
793262;Homme;1973-06-09;Decazeville;Aveyron;France;;MandatSimple_Type;PM852225;PA793262;2024-11-29;2025-01-10;PA793262.csv
793270;Homme;1952-09-09;Aurillac;Cantal;France;;MandatSimple_Type;PM853462;PA793270;2024-12-06;;PA793270.csv
793290;Femme;1952-03-10;Paris;Paris;France;;MandatSimple_Type;PM852871;PA793290;2024-12-04;;PA793290.csv
793298;Homme;1988-02-29;Marseille;Bouches-du-Rhône;France;;MandatSimple_Type;PM866095;PA793298;2025-03-04;;PA793298.csv
793314;Femme;1971-07-02;Nice;Alpes-Maritimes;France;;MandatSimple_Type;PM860230;PA793314;2025-01-28;;PA793314.csv
793322;Femme;1985-05-02;Nice;Alpes-Maritimes;France;;MandatSimple_Type;PM845567;PA793322;2024-07-19;2024-09-11;PA793322.csv
793330;Homme;1996-12-21;Cagnes sur mer;;France;;MandatSimple_Type;PM860444;PA793330;2025-01-28;;PA793330.csv
793342;Femme;1968-10-25;Nice;Alpes-Maritimes;France;;MandatSimple_Type;PM869002;PA793342;2025-04-28;2025-07-09;PA793342.csv
793354;Femme;1950-03-26;Versailles;Yvelines;France;;MandatSimple_Type;PM864055;PA793354;2025-02-11;;PA793354.csv
793362;Homme;1943-04-28;Oran;;Algérie;;MandatSimple_Type;PM853957;PA793362;2024-12-14;2025-09-30;PA793362.csv
793374;Homme;1989-01-28;Mont-saint-Aignan;Seine-Maritime;France;;MandatSimple_Type;PM846223;PA793374;2024-07-20;2025-06-13;PA793374.csv
793382;Homme;1975-02-20;Montreuil;Seine-Saint-Denis;France;;MandatParlementaire_type;PM842480;PA793382;2024-07-07;;PA793382.csv
793394;Homme;1991-10-07;Caen;Calvados;France;;MandatSimple_Type;PM863431;PA793394;2025-02-06;;PA793394.csv
793398;Homme;1989-03-07;Paris;Paris;France;;MandatSimple_Type;PM872233;PA793398;2025-07-02;;PA793398.csv
793432;Homme;1980-08-04;Marseille;Bouches-du-Rhône;France;;MandatSimple_Type;PM865569;PA793432;2025-02-20;;PA793432.csv
793444;Homme;1986-03-30;Firminy;Loire;France;;MandatSimple_Type;PM848546;PA793444;2024-10-11;2024-11-19;PA793444.csv
793452;Homme;1977-12-21;Athis-Mons;Essonne;France;;MandatSimple_Type;PM846616;PA793452;2024-07-20;2025-02-04;PA793452.csv
793464;Homme;1987-06-08;Marseille;Bouches-du-Rhône;France;;MandatSimple_Type;PM847283;PA793464;2024-09-19;2024-09-24;PA793464.csv
793508;Homme;1952-07-28;Chatillon-sur-Seine;Côte-d'Or;France;;MandatSimple_Type;PM857160;PA793508;2025-01-21;;PA793508.csv
793520;Homme;1975-11-29;Saint-Brieuc;Côtes-d'Armor;France;;MandatSimple_Type;PM874130;PA793520;2025-10-23;;PA793520.csv
793532;Femme;1974-07-15;Loudeac;Côtes-d'Armor;France;;MandatSimple_Type;PM846187;PA793532;2024-07-20;2024-09-24;PA793532.csv
793548;Femme;1957-08-22;Autun;Saône-et-Loire;France;;MandatSimple_Type;PM859068;PA793548;2025-01-24;;PA793548.csv
793572;Homme;1967-11-19;La Garenne-Colombes;Hauts-de-Seine;France;;MandatSimple_Type;PM854868;PA793572;2024-12-20;;PA793572.csv
793592;Femme;1975-02-13;Besançon;Doubs;France;;MandatSimple_Type;PM846079;PA793592;2024-07-20;;PA793592.csv
793608;Femme;1970-12-09;Rouen;Seine-Maritime;France;;MandatSimple_Type;PM857818;PA793608;2025-01-23;;PA793608.csv
793616;Homme;1991-09-09;Pont-Audemer;Eure;France;;MandatSimple_Type;PM865573;PA793616;2025-02-20;;PA793616.csv
793624;Homme;1991-10-16;Rouen;Seine-Maritime;France;;MandatSimple_Type;PM862944;PA793624;2025-02-05;;PA793624.csv
793632;Homme;1988-07-29;Lille;Nord;France;;MandatSimple_Type;PM867792;PA793632;2025-03-21;2025-04-03;PA793632.csv
793656;Femme;1968-01-04;Romorantin-Lanthenay;Loir-et-Cher;France;;MandatSimple_Type;PM863291;PA793656;2025-02-06;;PA793656.csv
793664;Femme;1990-05-04;Grenoble;Isère;France;;MandatSimple_Type;PM856372;PA793664;2025-01-15;;PA793664.csv
793672;Femme;1977-02-22;Pont-Audemer;Eure;France;;MandatSimple_Type;PM846474;PA793672;2024-07-20;2024-10-22;PA793672.csv
793696;Homme;1976-02-26;Toulon;Var;France;;MandatSimple_Type;PM867857;PA793696;2025-03-28;;PA793696.csv
793708;Homme;1982-04-17;Sarlat;Dordogne;France;;MandatSimple_Type;PM864228;PA793708;2025-02-12;2025-02-12;PA793708.csv
793716;Homme;1975-01-29;Besançon;Doubs;France;;MandatSimple_Type;PM852688;PA793716;2024-12-04;;PA793716.csv
793736;Homme;1991-07-13;Aix-en-Provence;Bouches-du-Rhône;France;;MandatMission_Type;PM846828;PA793736;2024-07-24;2024-10-02;PA793736.csv
793744;Femme;1980-06-23;Amiens;Somme;France;;MandatSimple_Type;PM853778;PA793744;2024-12-04;;PA793744.csv
793756;Homme;1984-12-28;Besançon;Doubs;France;;MandatSimple_Type;PM869650;PA793756;2025-05-16;2025-05-16;PA793756.csv
793772;Homme;1961-11-14;Neufchâteau;Vosges;France;;MandatSimple_Type;PM853169;PA793772;2024-12-06;;PA793772.csv
793780;Femme;1959-09-19;Lannemezan;Hautes-Pyrénées;France;;MandatSimple_Type;PM850797;PA793780;2024-11-21;2024-12-03;PA793780.csv
793796;Homme;1975-05-13;Montauban;Tarn-et-Garonne;France;;MandatParlementaire_type;PM873287;PA793796;2025-10-02;;PA793796.csv
793816;Femme;1984-06-04;Landerneau;Finistère;France;;MandatSimple_Type;PM857209;PA793816;2025-01-22;2025-01-24;PA793816.csv
793832;Homme;1986-08-29;Rennes;Ille-et-Vilaine;France;;MandatSimple_Type;PM865605;PA793832;2025-02-20;;PA793832.csv
793844;Femme;1961-10-15;Bagnols-sur-Ceze;Gard;France;;MandatSimple_Type;PM857963;PA793844;2025-01-23;2025-05-20;PA793844.csv
793852;Homme;1989-11-30;Paris;Paris;France;;MandatSimple_Type;PM852938;PA793852;2024-12-04;;PA793852.csv
793872;Femme;1990-02-18;Toulouse;Haute-Garonne;France;;MandatSimple_Type;PM867678;PA793872;2025-03-26;;PA793872.csv
793892;Femme;1981-10-20;Pézenas;Hérault;France;;MandatSimple_Type;PM846154;PA793892;2024-07-20;2025-09-30;PA793892.csv
793904;Homme;1993-05-17;Aix-en-Provence;Bouches-du-Rhône;France;;MandatSimple_Type;PM868022;PA793904;2025-04-01;;PA793904.csv
793912;Homme;1991-05-21;Béziers;Hérault;France;;MandatSimple_Type;PM850507;PA793912;2024-11-14;2024-12-04;PA793912.csv
793928;Femme;1987-10-15;Marseille;Bouches-du-Rhône;France;;MandatSimple_Type;PM865677;PA793928;2025-02-22;2025-03-10;PA793928.csv
793940;Homme;1978-03-06;Bordeaux;Gironde;France;;MandatSimple_Type;PM859033;PA793940;2025-01-24;;PA793940.csv
793948;Homme;1975-12-08;Creon;Gironde;France;;MandatSimple_Type;PM846046;PA793948;2024-07-19;;PA793948.csv
793980;Homme;1968-03-10;Romorantin-Lanthenay;Loir-et-Cher;France;;MandatSimple_Type;PM867248;PA793980;2025-03-19;2025-07-09;PA793980.csv
793992;Homme;1979-10-02;Chambray-lès-Tours;Indre-et-Loire;France;;MandatSimple_Type;PM858336;PA793992;2025-01-23;;PA793992.csv
794008;Femme;1987-07-15;Montbéliard;Doubs;France;;MandatSimple_Type;PM875396;PA794008;2025-11-20;;PA794008.csv
794022;Homme;1983-02-02;Laxou;Meurthe-et-Moselle;France;;MandatAvecSuppleant_Type;PM874055;PA794022;2025-10-22;2025-10-22;PA794022.csv
794030;Homme;1990-12-22;Besançon;Doubs;France;;MandatSimple_Type;PM860411;PA794030;2025-01-28;;PA794030.csv
794038;Homme;1969-03-15;Tullins;Isère;France;;MandatSimple_Type;PM15855882;PA794038;2024-12-24;2025-09-09;PA794038.csv
794058;Femme;1989-10-23;Besançon;Doubs;France;;MandatSimple_Type;PM856765;PA794058;2025-01-17;;PA794058.csv
794082;Femme;1993-06-10;Rennes;Ille-et-Vilaine;France;;MandatAvecSuppleant_Type;PM847309;PA794082;2024-09-20;2025-04-08;PA794082.csv
794094;Homme;1972-08-16;Dinan;Côtes-d'Armor;France;;MandatSimple_Type;PM874234;PA794094;2025-10-25;;PA794094.csv
794106;Femme;1963-06-03;Toulouse;Haute-Garonne;France;;MandatSimple_Type;PM866838;PA794106;2025-03-13;2025-06-02;PA794106.csv
794114;Homme;1965-06-22;Neuilly-sur-Seine;Paris;France;;MandatSimple_Type;PM856156;PA794114;2025-01-14;;PA794114.csv
794118;Homme;1993-02-17;Roanne;Loire;France;;MandatSimple_Type;PM857211;PA794118;2025-01-22;2025-01-27;PA794118.csv
794130;Homme;1990-10-01;Toulouse;Haute-Garonne;France;;MandatSimple_Type;PM867967;PA794130;2025-04-02;2025-04-02;PA794130.csv
794138;Femme;1986-02-23;Chatenay-Malabry;Hauts-de-Seine;France;;MandatSimple_Type;PM850261;PA794138;2024-11-07;2024-11-07;PA794138.csv
794146;Femme;1982-07-03;Delft;;Pays-Bas;;MandatSimple_Type;PM868951;PA794146;2025-04-30;2025-05-01;PA794146.csv
794154;Homme;1967-01-18;Argentan;Orne;France;;MandatSimple_Type;PM865611;PA794154;2025-02-21;2025-03-25;PA794154.csv
794166;Homme;1987-07-06;Villeurbanne;Rhône;France;;MandatSimple_Type;PM865139;PA794166;2025-02-19;2025-02-19;PA794166.csv
794178;Homme;1962-03-14;Feurs;Loire;France;;MandatSimple_Type;PM860513;PA794178;2025-01-29;2025-01-29;PA794178.csv
794198;Homme;1949-09-28;Berlin;;Allemagne;;MandatSimple_Type;PM853348;PA794198;2024-12-06;;PA794198.csv
794206;Homme;1973-04-25;Vendôme;Loir-et-Cher;France;;MandatSimple_Type;PM866162;PA794206;2025-03-05;2025-03-05;PA794206.csv
794234;Homme;1961-04-02;Angers;Maine-et-Loire;France;;MandatParlementaire_type;PM842969;PA794234;2024-07-07;;PA794234.csv
794270;Femme;1978-06-04;Montpellier;Hérault;France;;MandatSimple_Type;PM842973;PA794270;2024-07-08;2024-07-18;PA794270.csv
794278;Homme;1970-01-28;Royan;Charente-Maritime;France;;MandatParlementaire_type;PM842975;PA794278;2024-07-07;;PA794278.csv
794322;Homme;1992-01-06;Blois;Loir-et-Cher;France;;MandatSimple_Type;PM859860;PA794322;2025-01-28;;PA794322.csv
794330;Homme;1980-11-04;Saint-Calais;Sarthe;France;;MandatSimple_Type;PM865251;PA794330;2025-02-19;;PA794330.csv
794354;Femme;1978-12-29;Villeneuve-sur-Lot;Lot-et-Garonne;France;;MandatSimple_Type;PM870988;PA794354;2025-06-11;;PA794354.csv
794418;Femme;1961-06-30;Le Mêle-sur-Sarthe;Orne;France;;MandatSimple_Type;PM856100;PA794418;2025-01-14;;PA794418.csv
794430;Homme;1962-08-03;Vannes;Morbihan;France;;MandatSimple_Type;PM875120;PA794430;2025-11-14;;PA794430.csv
794434;Homme;1987-07-04;Boulogne-Billancourt;Hauts-de-Seine;France;;MandatSimple_Type;PM852590;PA794434;2024-12-04;;PA794434.csv
794442;Femme;1964-01-17;Saint-Dizier;Haute-Marne;France;;MandatSimple_Type;PM853745;PA794442;2024-12-04;;PA794442.csv
794466;Homme;1994-03-29;Lille;Nord;France;;MandatSimple_Type;PM849711;PA794466;2024-10-29;2024-12-02;PA794466.csv
794470;Femme;1974-01-28;Saint-Quentin;;France;;MandatMission_Type;PM847169;PA794470;2024-09-11;2024-09-24;PA794470.csv
794478;Homme;1992-11-18;Paris;Paris;France;;MandatSimple_Type;PM873981;PA794478;2025-10-21;2025-11-05;PA794478.csv
794486;Femme;1972-09-02;Lyon;Rhône;France;;MandatSimple_Type;PM874878;PA794486;2025-11-10;2025-11-10;PA794486.csv
794494;Homme;1963-06-01;Denain;Nord;France;;MandatSimple_Type;PM869575;PA794494;2025-05-15;2025-06-25;PA794494.csv
794502;Homme;1979-03-10;Maubeuge;Nord;France;;MandatSimple_Type;PM846219;PA794502;2024-07-20;;PA794502.csv
794530;Homme;1993-06-08;Dieppe;Seine-Maritime;France;;MandatSimple_Type;PM858982;PA794530;2025-01-24;;PA794530.csv
794562;Homme;1960-11-24;Champigny-sur-Marne;Paris;France;;MandatSimple_Type;PM860405;PA794562;2025-01-28;;PA794562.csv
794570;Homme;1993-02-18;Nogent sur Marne;Val-de-Marne;France;;MandatSimple_Type;PM871895;PA794570;2025-07-01;2025-09-07;PA794570.csv
794582;Homme;1990-07-09;Forbach;Moselle;France;;MandatSimple_Type;PM860835;PA794582;2025-01-29;;PA794582.csv
794590;Homme;1994-07-07;Toulouse;Haute-Garonne;France;;MandatSimple_Type;PM865542;PA794590;2025-02-20;2025-03-18;PA794590.csv
794598;Homme;1969-10-13;Thiais;Val-de-Marne;France;;MandatSimple_Type;PM872235;PA794598;2025-07-02;;PA794598.csv
794658;Homme;1969-06-24;Cucq;Pas-de-Calais;France;;MandatSimple_Type;PM871286;PA794658;2025-06-17;2025-09-30;PA794658.csv
794670;Femme;1965-12-16;Pau;Pyrénées-Atlantiques;France;;MandatSimple_Type;PM845993;PA794670;2024-07-19;;PA794670.csv
794678;Homme;1952-05-23;Forest sur Marque;Nord;France;;MandatSimple_Type;PM858090;PA794678;2025-01-23;;PA794678.csv
794686;Femme;1985-11-13;Louviers;Eure;France;;MandatSimple_Type;PM845563;PA794686;2024-07-19;;PA794686.csv
794702;Femme;1972-11-14;Issoire;Puy-de-Dôme;France;;MandatSimple_Type;PM872412;PA794702;2025-07-08;2025-07-08;PA794702.csv
794710;Homme;1982-07-05;Beaumont;Puy-de-Dôme;France;;MandatSimple_Type;PM868273;PA794710;2025-04-03;;PA794710.csv
794718;Femme;1955-05-07;Boulogne sur Mer;Pas-de-Calais;France;;MandatSimple_Type;PM850691;PA794718;2024-11-20;;PA794718.csv
794734;Homme;1954-11-29;Chauny;;France;;MandatSimple_Type;PM868986;PA794734;2025-04-29;;PA794734.csv
794762;Femme;1970-11-08;Tours;Indre-et-Loire;France;;MandatSimple_Type;PM860301;PA794762;2025-01-28;;PA794762.csv
794770;Femme;1968-06-06;Perpignan;Pyrénées-Orientales;France;;MandatSimple_Type;PM862520;PA794770;2025-02-04;;PA794770.csv
794778;Femme;1978-04-13;Beziers;Hérault;France;;MandatSimple_Type;PM865465;PA794778;2025-02-20;2025-03-11;PA794778.csv
794786;Homme;1980-08-10;Thann;Haut-Rhin;France;;MandatSimple_Type;PM848550;PA794786;2024-10-11;2024-10-17;PA794786.csv
794798;Femme;1953-12-11;Strasbourg;Bas-Rhin;France;;MandatSimple_Type;PM869041;PA794798;2025-05-02;2025-05-12;PA794798.csv
794802;Homme;1988-12-03;Sélestat;Bas-Rhin;France;;MandatSimple_Type;PM857861;PA794802;2025-01-23;;PA794802.csv
794810;Femme;1995-10-15;Strasbourg;Bas-Rhin;France;;MandatSimple_Type;PM853531;PA794810;2024-12-06;;PA794810.csv
794830;Homme;1964-06-06;Colmar;Haut-Rhin;France;;MandatSimple_Type;PM872097;PA794830;2025-07-02;2025-10-21;PA794830.csv
794838;Homme;1975-07-23;Altkirch;Haut-Rhin;France;;MandatSimple_Type;PM855925;PA794838;2025-01-13;;PA794838.csv
794854;Homme;1993-09-02;Oloron-sainte-Marie;Pyrénées-Atlantiques;France;;MandatSimple_Type;PM852726;PA794854;2024-12-04;;PA794854.csv
794870;Femme;1967-11-06;Toulouse;Haute-Garonne;France;;MandatMission_Type;PM847961;PA794870;2024-09-25;2025-04-09;PA794870.csv
794886;Femme;1968-02-20;Toulouse;Haute-Garonne;France;;MandatSimple_Type;PM859284;PA794886;2025-01-25;2025-03-10;PA794886.csv
794894;Femme;1990-03-10;Perpignan;Pyrénées-Orientales;France;;MandatSimple_Type;PM875145;PA794894;2025-11-17;;PA794894.csv
794906;Homme;1967-05-05;Juvisy-sur-Orge;Yvelines;France;;MandatSimple_Type;PM858118;PA794906;2025-01-23;;PA794906.csv
794938;Homme;1974-10-04;Lyon;Rhône;France;;MandatSimple_Type;PM863930;PA794938;2025-02-11;;PA794938.csv
794946;Homme;1989-03-08;Lure;Haute-Saône;France;;MandatParlementaire_type;PM843311;PA794946;2024-07-07;;PA794946.csv
794954;Homme;1973-11-26;Vannes;Morbihan;France;;MandatSimple_Type;PM860298;PA794954;2025-01-28;;PA794954.csv
794982;Femme;1989-09-25;Le Mans;Sarthe;France;;MandatSimple_Type;PM846402;PA794982;2024-07-20;2024-09-20;PA794982.csv
794994;Homme;1990-04-21;La Tronche;Isère;France;;MandatSimple_Type;PM15847767;PA794994;2024-09-22;2024-12-13;PA794994.csv
795010;Femme;1995-09-02;Vernon;Eure;France;;MandatSimple_Type;PM874670;PA795010;2025-11-06;2025-11-06;PA795010.csv
795026;Femme;1973-06-10;Évian-les-Bains;Haute-Savoie;France;;MandatSimple_Type;PM858804;PA795026;2025-01-23;;PA795026.csv
795046;Femme;1968-08-14;Boulogne-Billancourt;Hauts-de-Seine;France;;MandatSimple_Type;PM862156;PA795046;2025-02-03;;PA795046.csv
795050;Femme;1971-08-13;Paris;Paris;France;;MandatSimple_Type;PM15855880;PA795050;2024-12-24;2025-09-09;PA795050.csv
795076;Femme;1972-03-08;Maisons Alfort;Val-de-Marne;France;;MandatSimple_Type;PM840367;PA795076;2024-07-01;2024-07-18;PA795076.csv
795084;Homme;1974-04-24;El Almendral;;Chili;;MandatSimple_Type;PM865394;PA795084;2025-02-20;2025-04-29;PA795084.csv
795100;Homme;1968-05-08;Le Mans;Sarthe;France;;MandatSimple_Type;PM859964;PA795100;2025-01-28;;PA795100.csv
795108;Femme;1982-10-09;Ernée;Mayenne;France;;MandatSimple_Type;PM847460;PA795108;2024-09-20;;PA795108.csv
795124;Homme;1965-11-09;Chambéry;Savoie;France;;MandatSimple_Type;PM849314;PA795124;2024-10-23;2024-12-11;PA795124.csv
795136;Homme;1966-04-01;Paris;Paris;France;;MandatAvecSuppleant_Type;PM847529;PA795136;2024-09-20;2025-09-30;PA795136.csv
795144;Homme;1991-09-10;Paris;Paris;France;;MandatSimple_Type;PM875255;PA795144;2025-11-19;;PA795144.csv
795156;Femme;1971-06-05;Paris;Paris;France;;MandatSimple_Type;PM846692;PA795156;2024-07-20;2025-09-30;PA795156.csv
795164;Femme;1979-09-20;Chauny;;France;;MandatSimple_Type;PM872304;PA795164;2025-07-03;;PA795164.csv
795176;Homme;1988-05-20;Nouméa;Nouvelle-Calédonie;France;;MandatSimple_Type;PM858837;PA795176;2025-01-23;;PA795176.csv
795200;Femme;1990-05-06;Auch;Gers;France;;MandatSimple_Type;PM846191;PA795200;2024-07-20;2024-10-25;PA795200.csv
795228;Femme;1975-09-15;Brazzaville;;Congo;;MandatSimple_Type;PM863497;PA795228;2025-02-06;;PA795228.csv
795240;Femme;1970-09-12;Papeete;;France;;MandatSimple_Type;PM871002;PA795240;2025-06-11;2025-10-01;PA795240.csv
795244;Homme;1964-08-13;Saint-Pierre;Saint-Pierre-et-Miquelon;France;;MandatSimple_Type;PM858802;PA795244;2025-01-23;;PA795244.csv
795258;Homme;1954-01-21;Saint-Martin;;Antilles françaises;;MandatSimple_Type;PM871214;PA795258;2025-06-12;;PA795258.csv
795270;Femme;1967-03-25;Nancy;Meurthe-et-Moselle;France;;MandatSimple_Type;PM859180;PA795270;2025-01-25;;PA795270.csv
795278;Femme;1966-10-20;Nantes;Loire-Atlantique;France;;MandatSimple_Type;PM873319;PA795278;2025-10-02;;PA795278.csv
795298;Homme;1972-08-20;Rennes;Ille-et-Vilaine;France;;MandatSimple_Type;PM874558;PA795298;2025-11-05;2025-11-05;PA795298.csv
795310;Femme;1991-03-15;Bressuire;Deux-Sèvres;France;;MandatSimple_Type;PM859893;PA795310;2025-01-28;;PA795310.csv
795318;Homme;2000-08-26;Fontenay-le-Comte;Vendée;France;;MandatSimple_Type;PM859715;PA795318;2025-01-28;2025-01-28;PA795318.csv
795326;Homme;1985-11-26;Neuilly-sur-Seine;Hauts-de-Seine;France;;MandatSimple_Type;PM875108;PA795326;2025-11-14;;PA795326.csv
795334;Homme;1969-11-18;Pau;Pyrénées-Atlantiques;France;;MandatSimple_Type;PM875503;PA795334;2025-11-24;;PA795334.csv
795350;Homme;1966-08-23;Paris;Paris;France;;MandatParlementaire_type;PM873323;PA795350;2025-10-02;;PA795350.csv
795362;Femme;1988-07-20;Metz;Moselle;France;;MandatSimple_Type;PM860509;PA795362;2025-01-29;2025-01-29;PA795362.csv
795374;Homme;1958-04-06;Civray;Vienne;France;;MandatSimple_Type;PM846759;PA795374;2024-07-20;2025-01-21;PA795374.csv
795390;Femme;1973-02-16;Paris;Paris;France;;MandatSimple_Type;PM874991;PA795390;2025-11-13;2025-11-13;PA795390.csv
795402;Femme;1977-07-16;France;Yvelines;France;;MandatAvecSuppleant_Type;PM874843;PA795402;2025-11-11;;PA795402.csv
795410;Femme;1960-06-09;Béziers;Hérault;France;;MandatSimple_Type;PM853749;PA795410;2024-12-04;;PA795410.csv
795422;Homme;1996-11-14;Brive-la-Gaillarde;Corrèze;France;;MandatSimple_Type;PM843600;PA795422;2024-07-08;2024-07-18;PA795422.csv
795430;Homme;1972-09-20;Limoges;Haute-Vienne;France;;MandatSimple_Type;PM859212;PA795430;2025-01-25;2025-03-11;PA795430.csv
795454;Homme;1977-03-19;Tunis;;Tunisie;;MandatSimple_Type;PM874664;PA795454;2025-11-06;2025-11-06;PA795454.csv
795466;Femme;1988-05-21;Aubervilliers;Seine-Saint-Denis;France;;MandatSimple_Type;PM854764;PA795466;2024-12-19;;PA795466.csv
795482;Femme;1996-03-30;Limoges;Haute-Vienne;France;;MandatSimple_Type;PM845565;PA795482;2024-07-19;;PA795482.csv
795516;Homme;1981-01-19;Lisieux;Calvados;France;;MandatSimple_Type;PM856117;PA795516;2025-01-14;2025-06-10;PA795516.csv
795528;Homme;1996-07-26;Londres;;Royaume-Uni;;MandatSimple_Type;PM849744;PA795528;2024-10-30;2025-03-12;PA795528.csv
795540;Homme;1948-07-31;Saint-Fargeau;Yonne;France;;MandatSimple_Type;PM856482;PA795540;2025-01-15;;PA795540.csv
795552;Homme;1985-05-08;Paris;Paris;France;;MandatSimple_Type;PM869897;PA795552;2025-05-21;2025-07-02;PA795552.csv
795588;Femme;1976-09-03;Ajdir;;Maroc;;MandatSimple_Type;PM843558;PA795588;2024-07-08;2024-07-18;PA795588.csv
795596;Homme;1985-09-19;Vitry Sur Seine;Val-de-Marne;France;;MandatSimple_Type;PM849783;PA795596;2024-10-30;2024-12-03;PA795596.csv
795616;Homme;1990-12-31;Villiers Le Bel;Val-d'Oise;France;;MandatSimple_Type;PM870990;PA795616;2025-06-11;2025-06-12;PA795616.csv
795636;Homme;1990-10-08;Amiens;Somme;France;;MandatSimple_Type;PM865999;PA795636;2025-03-03;;PA795636.csv
795644;Femme;1966-03-31;Blois;Loir-et-Cher;France;;MandatSimple_Type;PM846068;PA795644;2024-07-20;;PA795644.csv
795664;Homme;1983-01-25;Fontainebleau;Seine-et-Marne;France;;MandatSimple_Type;PM868947;PA795664;2025-04-29;2025-05-01;PA795664.csv
795672;Homme;1980-11-29;Carhaix-Plouguer;Finistère;France;;MandatSimple_Type;PM850475;PA795672;2024-11-07;;PA795672.csv
795722;Homme;1969-03-29;Saint Germain en Laye;Yvelines;France;;MandatSimple_Type;PM843489;PA795722;2024-07-08;2024-07-18;PA795722.csv
795730;Homme;1990-07-15;Niort;Deux-Sèvres;France;;MandatSimple_Type;PM850762;PA795730;2024-11-21;2025-03-10;PA795730.csv
795746;Homme;1989-09-04;Châteauroux;Indre;France;;MandatSimple_Type;PM853250;PA795746;2024-12-06;;PA795746.csv
795762;Homme;1954-04-19;Saint-Claude;Guadeloupe;France;;MandatSimple_Type;PM864303;PA795762;2025-02-12;;PA795762.csv
795778;Homme;1986-03-25;Boulogne-sur-Mer;Pas-de-Calais;France;;MandatSimple_Type;PM846480;PA795778;2024-07-20;;PA795778.csv
795786;Femme;1985-05-12;Péronne;Somme;France;;MandatSimple_Type;PM855962;PA795786;2025-01-14;;PA795786.csv
795808;Femme;1981-05-10;Ivry-sur-Seine;Val-de-Marne;France;;MandatSimple_Type;PM858695;PA795808;2025-01-23;;PA795808.csv
795820;Homme;1962-11-02;Saint-Pierre;Martinique;France;;MandatMission_Type;PM852011;PA795820;2024-11-26;2025-04-09;PA795820.csv
795844;Femme;1977-02-04;Toulouse;Haute-Garonne;France;;MandatSimple_Type;PM859569;PA795844;2025-01-27;;PA795844.csv
795864;Homme;1995-03-11;Saint Cloud;Hauts-de-Seine;France;;MandatMission_Type;PM871106;PA795864;2025-06-11;;PA795864.csv
795868;Homme;1962-04-21;Sinnamary;Guyane;France;;MandatSimple_Type;PM873254;PA795868;2025-10-02;2025-10-03;PA795868.csv
795876;Homme;1979-12-15;Kourou;Guyane;France;;MandatSimple_Type;PM869540;PA795876;2025-05-15;2025-05-27;PA795876.csv
795884;Homme;1977-12-19;Les Lilas;Seine-Saint-Denis;France;;MandatParlementaire_type;PM843812;PA795884;2024-07-07;2024-10-21;PA795884.csv
795900;Femme;1967-07-13;Savigny-sur-Orge;Essonne;France;;MandatSimple_Type;PM858548;PA795900;2025-01-23;;PA795900.csv
795908;Homme;1959-11-27;Toulon;Var;France;;MandatSimple_Type;PM853849;PA795908;2024-12-11;2024-12-11;PA795908.csv
795912;Femme;1976-04-16;Talence;Gironde;France;;MandatSimple_Type;PM853283;PA795912;2024-12-06;;PA795912.csv
795920;Femme;1985-03-01;Strasbourg;Bas-Rhin;France;;MandatSimple_Type;PM855707;PA795920;2025-01-11;2025-01-13;PA795920.csv
795954;Femme;1975-05-25;Neuilly-Sur-Seine;Hauts-de-Seine;France;;MandatSimple_Type;PM875112;PA795954;2025-11-14;;PA795954.csv
795962;Femme;1973-09-24;Boulogne Billancourt;Hauts-de-Seine;France;;MandatSimple_Type;PM868020;PA795962;2025-04-01;;PA795962.csv
795966;Homme;1960-04-05;Alger;;Algérie;;MandatAvecSuppleant_Type;PM872054;PA795966;2025-07-02;2025-09-22;PA795966.csv
795974;Homme;1966-08-14;Auchel;Pas-de-Calais;France;;MandatSimple_Type;PM860090;PA795974;2025-01-28;;PA795974.csv
795982;Homme;1988-05-26;Drancy;Seine-Saint-Denis;France;;MandatSimple_Type;PM868702;PA795982;2025-04-12;2025-05-27;PA795982.csv
795998;Femme;1987-05-13;Saint-Denis;Réunion;France;;MandatParlementaire_type;PM843737;PA795998;2024-07-07;;PA795998.csv
796010;Homme;1986-11-15;Saint-Pierre;Réunion;France;;MandatSimple_Type;PM867427;PA796010;2025-03-19;2025-09-04;PA796010.csv
796018;Femme;1971-07-02;Montereau-Fault-Yonne;Seine-et-Marne;France;;MandatSimple_Type;PM869679;PA796018;2025-05-17;2025-05-20;PA796018.csv
796026;Femme;1977-12-22;Annecy;Haute-Savoie;France;;MandatSimple_Type;PM845889;PA796026;2024-07-19;;PA796026.csv
796034;Homme;1973-03-01;Evreux;Eure;France;;MandatSimple_Type;PM846765;PA796034;2024-07-20;2025-09-30;PA796034.csv
796042;Homme;1973-11-23;Martigues;Bouches-du-Rhône;France;;MandatSimple_Type;PM860098;PA796042;2025-01-28;;PA796042.csv
796050;Homme;1972-02-02;Verdun;Meuse;France;;MandatSimple_Type;PM857641;PA796050;2025-01-23;;PA796050.csv
796062;Homme;1985-11-18;Carmaux;Tarn;France;;MandatSimple_Type;PM875646;PA796062;2025-11-27;2025-11-28;PA796062.csv
796070;Homme;1983-04-24;Rouen;Seine-Maritime;France;;MandatSimple_Type;PM861567;PA796070;2025-01-31;;PA796070.csv
796078;Femme;1978-07-31;Chatenay-Malabry;Hauts-de-Seine;France;;MandatSimple_Type;PM867499;PA796078;2025-03-21;2025-04-07;PA796078.csv
796090;Homme;1971-12-04;Boulogne Sur Mer;Pas-de-Calais;France;;MandatSimple_Type;PM845598;PA796090;2024-07-19;;PA796090.csv
796106;Homme;1995-02-18;Rouen;Seine-Maritime;France;;MandatParlementaire_type;PM843383;PA796106;2024-07-07;;PA796106.csv
796118;Femme;1972-08-05;Besançon;Doubs;France;;MandatParlementaire_type;PM843629;PA796118;2024-07-07;;PA796118.csv
805166;Femme;1968-09-17;Chalon-sur-Saône;Saône-et-Loire;France;;MandatSimple_Type;PM861463;PA805166;2025-01-30;;PA805166.csv
817203;Femme;1983-12-25;Reims;Marne;France;;MandatSimple_Type;PM849891;PA817203;2024-10-31;2025-04-01;PA817203.csv
817211;Homme;1962-08-31;Lagny-sur Marne;Seine-et-Marne;France;;MandatSimple_Type;PM854835;PA817211;2024-12-19;2025-11-03;PA817211.csv
822617;Femme;1961-06-11;Blois;Loir-et-Cher;France;;MandatSimple_Type;PM846688;PA822617;2024-07-20;2024-11-28;PA822617.csv
826635;Homme;1976-06-25;Alès;Gard;France;;MandatSimple_Type;PM853030;PA826635;2024-12-04;2025-09-26;PA826635.csv
840075;Homme;1996-07-28;Lille;Nord;France;;MandatParlementaire_type;PM840255;PA840075;2024-06-30;;PA840075.csv
840119;Femme;1974-05-01;Valenciennes;Nord;France;;MandatSimple_Type;PM872490;PA840119;2025-07-08;;PA840119.csv
840135;Homme;1998-08-24;Maubeuge;Nord;France;;MandatSimple_Type;PM857708;PA840135;2025-01-23;;PA840135.csv
840143;Homme;1993-05-04;Roncq;Nord;France;;MandatSimple_Type;PM856231;PA840143;2025-01-15;;PA840143.csv
840159;Homme;1989-05-06;Aubagne;Bouches-du-Rhône;France;;MandatSimple_Type;PM864631;PA840159;2025-02-14;;PA840159.csv
840171;Homme;1977-12-24;Les Lilas;Seine-Saint-Denis;France;;MandatSimple_Type;PM857283;PA840171;2025-01-22;;PA840171.csv
840235;Homme;1988-08-22;Atuona Hiva Oa;Polynésie Française;France;;MandatSimple_Type;PM856085;PA840235;2025-01-14;2025-06-10;PA840235.csv
840657;Femme;1969-12-18;Toulon;Var;France;;MandatSimple_Type;PM871825;PA840657;2025-06-28;;PA840657.csv
840665;Femme;1970-01-27;Manosque;Alpes-de-Haute-Provence;France;;MandatSimple_Type;PM866158;PA840665;2025-03-05;2025-03-06;PA840665.csv
840673;Femme;1964-06-05;Marseille;Bouches-du-Rhône;France;;MandatSimple_Type;PM875613;PA840673;2025-11-26;;PA840673.csv
840685;Homme;1988-07-05;Paris;Paris;France;;MandatSimple_Type;PM867183;PA840685;2025-03-12;;PA840685.csv
840701;Homme;1965-01-06;Nice;Alpes-Maritimes;France;;MandatSimple_Type;PM842364;PA840701;2024-07-08;2024-07-18;PA840701.csv
840721;Homme;1968-06-28;Bourg-en-Bresse;Ain;France;;MandatSimple_Type;PM862736;PA840721;2025-02-05;;PA840721.csv
840757;Femme;1960-07-23;Marseille;Bouches-du-Rhône;France;;MandatSimple_Type;PM865679;PA840757;2025-02-22;;PA840757.csv
840765;Homme;1963-04-20;Marseille;Bouches-du-Rhône;France;;MandatSimple_Type;PM869432;PA840765;2025-05-14;2025-06-02;PA840765.csv
840773;Homme;1968-03-24;Marseille;Bouches-du-Rhône;France;;MandatSimple_Type;PM864269;PA840773;2025-02-12;2025-02-12;PA840773.csv
840781;Homme;1996-04-09;Istres;Bouches-du-Rhône;France;;MandatSimple_Type;PM864311;PA840781;2025-02-12;;PA840781.csv
840793;Homme;1960-05-07;Marseille;Bouches-du-Rhône;France;;MandatSimple_Type;PM872877;PA840793;2025-09-05;2025-10-01;PA840793.csv
840801;Homme;1966-07-30;Maubeuge;Nord;France;;MandatSimple_Type;PM842472;PA840801;2024-07-08;2024-07-18;PA840801.csv
840809;Homme;1984-12-23;Bourgoin-Jallieu;Isère;France;;MandatParlementaire_type;PM842474;PA840809;2024-07-07;;PA840809.csv
840817;Homme;1963-09-07;Levroux;Indre;France;;MandatSimple_Type;PM860483;PA840817;2025-01-28;;PA840817.csv
840829;Homme;1970-06-01;Saintes;Charente-Maritime;France;;MandatSimple_Type;PM854910;PA840829;2024-12-20;;PA840829.csv
840837;Homme;1954-07-22;Valenciennes;Nord;France;;MandatSimple_Type;PM860226;PA840837;2025-01-28;;PA840837.csv
840857;Femme;1963-04-16;Sainte-Foy-la-Grande;Gironde;France;;MandatSimple_Type;PM855426;PA840857;2025-01-08;2025-06-10;PA840857.csv
840869;Femme;1965-06-30;Reims;Marne;France;;MandatParlementaire_type;PM842522;PA840869;2024-07-07;;PA840869.csv
840889;Homme;1983-04-26;Audincourt;Doubs;France;;MandatSimple_Type;PM864515;PA840889;2025-02-13;;PA840889.csv
840903;Homme;1987-02-03;Arles;Bouches-du-Rhône;France;;MandatSimple_Type;PM873144;PA840903;2025-09-30;2025-10-06;PA840903.csv
840915;Homme;1987-02-24;Belfort;Territoire de Belfort;France;;MandatSimple_Type;PM857032;PA840915;2025-01-20;;PA840915.csv
840939;Femme;1982-11-22;Sens;Yonne;France;;MandatSimple_Type;PM855783;PA840939;2025-01-13;;PA840939.csv
840947;Femme;1958-05-09;Meknès;;Maroc;;MandatSimple_Type;PM874556;PA840947;2025-11-05;;PA840947.csv
840955;Homme;1956-12-28;Roubaix;Nord;France;;MandatSimple_Type;PM869220;PA840955;2025-05-07;2025-05-07;PA840955.csv
840967;Homme;1952-01-13;Chagny;Saône-et-Loire;France;;MandatSimple_Type;PM868128;PA840967;2025-04-03;2025-05-05;PA840967.csv
840979;Homme;1989-12-13;Paris;Paris;France;;MandatSimple_Type;PM862590;PA840979;2025-02-05;;PA840979.csv
840983;Homme;1991-09-04;Angers;Maine-et-Loire;France;;MandatSimple_Type;PM850192;PA840983;2024-11-05;2024-11-20;PA840983.csv
840997;Homme;1967-04-07;Royan;Charente-Maritime;France;;MandatSimple_Type;PM865681;PA840997;2025-02-21;;PA840997.csv
841017;Homme;1982-01-03;Chartres;Eure-et-Loir;France;;MandatSimple_Type;PM858092;PA841017;2025-01-23;;PA841017.csv
841023;Homme;1992-07-09;Brest;Finistère;France;;MandatSimple_Type;PM872985;PA841023;2025-09-19;;PA841023.csv
841047;Homme;1968-10-27;Cervione;Haute-Corse;France;;MandatSimple_Type;PM870232;PA841047;2025-05-29;;PA841047.csv
841067;Homme;1989-01-11;Annecy;Haute-Savoie;France;;MandatSimple_Type;PM862765;PA841067;2025-02-05;;PA841067.csv
841075;Femme;1968-08-23;Mâcon;Saône-et-Loire;France;;MandatParlementaire_type;PM842690;PA841075;2024-07-07;;PA841075.csv
841091;Homme;1968-05-19;Castelsarrasin;Tarn-et-Garonne;France;;MandatSimple_Type;PM857179;PA841091;2025-01-22;2025-01-24;PA841091.csv
841107;Homme;1960-11-26;Marseille;Bouches-du-Rhône;France;;MandatSimple_Type;PM871823;PA841107;2025-06-28;2025-07-01;PA841107.csv
841131;Femme;1992-06-02;Evreux;Eure;France;;MandatSimple_Type;PM846366;PA841131;2024-07-20;2025-06-13;PA841131.csv
841139;Homme;1981-03-11;Lille;Nord;France;;MandatSimple_Type;PM865006;PA841139;2025-02-18;;PA841139.csv
841151;Femme;1994-10-14;Chateauroux;Indre;France;;MandatSimple_Type;PM875359;PA841151;2025-11-19;;PA841151.csv
841183;Femme;2000-11-24;Echirolles;Isère;France;;MandatSimple_Type;PM858265;PA841183;2025-01-23;;PA841183.csv
841191;Femme;1972-10-29;La Réunion;Réunion;France;;MandatSimple_Type;PM860727;PA841191;2025-01-29;;PA841191.csv
841199;Homme;1966-11-19;Paris;Paris;France;;MandatSimple_Type;PM871787;PA841199;2025-06-26;;PA841199.csv
841207;Homme;1993-10-21;Nancy;Meurthe-et-Moselle;France;;MandatSimple_Type;PM852547;PA841207;2024-12-04;;PA841207.csv
841215;Femme;1994-08-12;Landerneau;Finistère;France;;MandatSimple_Type;PM849785;PA841215;2024-10-30;2025-04-10;PA841215.csv
841223;Homme;1983-05-11;Rennes;Ille-et-Vilaine;France;;MandatSimple_Type;PM853497;PA841223;2024-12-06;;PA841223.csv
841243;Homme;1980-12-08;Tarbes;Hautes-Pyrénées;France;;MandatSimple_Type;PM842826;PA841243;2024-07-08;2024-07-18;PA841243.csv
841251;Femme;1969-04-28;Rueil-Malmaison;Hauts-de-Seine;France;;MandatSimple_Type;PM869078;PA841251;2025-05-02;2025-06-02;PA841251.csv
841295;Homme;1985-07-08;Firminy;Loire;France;;MandatSimple_Type;PM870196;PA841295;2025-05-29;2025-06-02;PA841295.csv
841315;Homme;1980-04-13;Salon-de-Provence;Bouches-du-Rhône;France;;MandatSimple_Type;PM855210;PA841315;2024-12-27;;PA841315.csv
841327;Homme;1973-04-11;Nantes;Loire-Atlantique;France;;MandatSimple_Type;PM855779;PA841327;2025-01-13;;PA841327.csv
841339;Homme;1968-04-03;Pornic;Loire-Atlantique;France;;MandatMission_Type;PM856850;PA841339;2025-01-15;;PA841339.csv
841351;Homme;1990-01-02;Pontoise;Oise;France;;MandatParlementaire_type;PM842936;PA841351;2024-07-07;;PA841351.csv
841359;Femme;1986-04-01;Blois;Loir-et-Cher;France;;MandatSimple_Type;PM842940;PA841359;2024-07-08;2024-07-18;PA841359.csv
841367;Homme;1966-05-31;Saint-Céré;Lot;France;;MandatSimple_Type;PM845809;PA841367;2024-07-19;;PA841367.csv
841381;Femme;1971-07-27;Mende;Lozère;France;;MandatParlementaire_type;PM846649;PA841381;2024-07-20;2025-10-01;PA841381.csv
841395;Homme;1992-04-19;Châlons-sur-Marne;Marne;France;;MandatAvecSuppleant_Type;PM847313;PA841395;2024-09-20;;PA841395.csv
841419;Homme;1973-05-30;Cholet;Maine-et-Loire;France;;MandatMission_Type;PM866771;PA841419;2025-03-11;2025-10-15;PA841419.csv
841431;Femme;1965-05-05;Ollioules;Var;France;;MandatSimple_Type;PM864951;PA841431;2025-02-18;;PA841431.csv
841439;Homme;1966-11-29;Sarreguemines;Moselle;France;;MandatSimple_Type;PM851100;PA841439;2024-11-21;;PA841439.csv
841451;Homme;1984-05-11;Clamecy;Nièvre;France;;MandatSimple_Type;PM867755;PA841451;2025-03-26;;PA841451.csv
841463;Femme;1973-01-15;Nancy;Meurthe-et-Moselle;France;;MandatSimple_Type;PM845813;PA841463;2024-07-19;;PA841463.csv
841471;Homme;1965-06-30;Mont-Saint-Martin;Meurthe-et-Moselle;France;;MandatSimple_Type;PM857959;PA841471;2025-01-23;;PA841471.csv
841479;Homme;1973-05-21;Metz;Moselle;France;;MandatSimple_Type;PM868383;PA841479;2025-04-07;2025-06-23;PA841479.csv
841487;Homme;1993-06-08;Laxou;Meurthe-et-Moselle;France;;MandatSimple_Type;PM874377;PA841487;2025-10-31;;PA841487.csv
841495;Homme;1996-09-06;L'Isle-d'Espagnac;Charente;France;;MandatSimple_Type;PM846083;PA841495;2024-07-20;;PA841495.csv
841507;Homme;1981-02-11;Clermont-Ferrand;Puy-de-Dôme;France;;MandatSimple_Type;PM853924;PA841507;2024-12-12;2025-05-15;PA841507.csv
841515;Homme;1996-09-28;Paris;Paris;France;;MandatSimple_Type;PM845528;PA841515;2024-07-19;;PA841515.csv
841539;Homme;1983-03-13;Saint-Pol-sur-mer;Nord;France;;MandatSimple_Type;PM861424;PA841539;2025-01-30;;PA841539.csv
841553;Homme;1957-04-22;Les Sables d'Olonne;Vendée;France;;MandatParlementaire_type;PM843128;PA841553;2024-07-07;;PA841553.csv
841563;Femme;1958-11-04;Caen;Calvados;France;;MandatSimple_Type;PM845917;PA841563;2024-07-19;;PA841563.csv
841575;Homme;1963-03-10;Draveil;Essonne;France;;MandatSimple_Type;PM846368;PA841575;2024-07-20;2025-03-24;PA841575.csv
841587;Homme;1972-06-05;Beauvais;Oise;France;;MandatSimple_Type;PM860943;PA841587;2025-01-29;;PA841587.csv
841605;Homme;1985-08-13;Saint-Martin-Boulogne;Pas-de-Calais;France;;MandatParlementaire_type;PM843167;PA841605;2024-07-07;;PA841605.csv
841613;Homme;1989-02-07;Ploemeur;Morbihan;France;;MandatSimple_Type;PM866946;PA841613;2025-03-15;2025-05-06;PA841613.csv
841621;Homme;2000-05-04;Blendecques;Pas-de-Calais;France;;MandatSimple_Type;PM857028;PA841621;2025-01-20;;PA841621.csv
841633;Homme;1979-05-30;Saint-Jean-de-Luz;Pyrénées-Atlantiques;France;;MandatSimple_Type;PM864407;PA841633;2025-02-13;2025-02-14;PA841633.csv
841645;Homme;2000-06-29;Angers;Maine-et-Loire;France;;MandatSimple_Type;PM846115;PA841645;2024-07-20;;PA841645.csv
841657;Femme;1995-02-07;Thionville;Moselle;France;;MandatSimple_Type;PM868914;PA841657;2025-04-30;2025-05-01;PA841657.csv
841665;Homme;1960-07-31;Castelsarrasin;Tarn-et-Garonne;France;;MandatSimple_Type;PM870163;PA841665;2025-05-28;;PA841665.csv
841681;Homme;1982-02-02;Mulhouse;Haut-Rhin;France;;MandatSimple_Type;PM859208;PA841681;2025-01-25;2025-04-08;PA841681.csv
841701;Femme;1990-04-09;Evry;Essonne;France;;MandatSimple_Type;PM862728;PA841701;2025-02-05;;PA841701.csv
841713;Homme;1979-08-23;Doullens;Somme;France;;MandatSimple_Type;PM852441;PA841713;2024-12-05;2025-01-10;PA841713.csv
841717;Femme;1979-06-01;Nîmes;Gard;France;;MandatSimple_Type;PM869074;PA841717;2025-05-02;2025-05-02;PA841717.csv
841729;Homme;1971-05-12;Lyon;Rhône;France;;MandatSimple_Type;PM868159;PA841729;2025-04-03;;PA841729.csv
841737;Homme;1986-10-12;Aubenas;Ardèche;France;;MandatSimple_Type;PM852763;PA841737;2024-12-04;;PA841737.csv
841749;Femme;1989-09-02;Lyon 8;Rhône;France;;MandatSimple_Type;PM850994;PA841749;2024-11-06;;PA841749.csv
841761;Homme;1978-12-23;Saint-Rémy;Saône-et-Loire;France;;MandatSimple_Type;PM862740;PA841761;2025-02-05;;PA841761.csv
841769;Homme;1959-06-17;Paris;Paris;France;;MandatSimple_Type;PM867252;PA841769;2025-03-19;2025-07-09;PA841769.csv
841813;Femme;1972-12-28;Paris;Paris;France;;MandatSimple_Type;PM863285;PA841813;2025-02-06;;PA841813.csv
841825;Homme;1963-09-13;Neufchâtel-en-Bray;Seine-Maritime;France;;MandatSimple_Type;PM855640;PA841825;2025-01-09;;PA841825.csv
841837;Homme;1969-11-12;Dieppe;Seine-Maritime;France;;MandatSimple_Type;PM868236;PA841837;2025-04-03;2025-04-10;PA841837.csv
841845;Homme;1979-01-25;Boulogne-Billancourt;Hauts-de-Seine;France;;MandatSimple_Type;PM856694;PA841845;2025-01-16;;PA841845.csv
841853;Femme;1993-08-19;Paris;Paris;France;;MandatSimple_Type;PM850585;PA841853;2024-11-19;2024-11-22;PA841853.csv
841873;Homme;1996-02-12;La Ciotat;Bouches-du-Rhône;France;;MandatSimple_Type;PM846160;PA841873;2024-07-20;;PA841873.csv
841885;Homme;1977-02-23;Argenteuil;Val-d'Oise;France;;MandatSimple_Type;PM857354;PA841885;2025-01-22;;PA841885.csv
841893;Femme;1974-08-04;Charleville-Mézières;Ardennes;France;;MandatSimple_Type;PM855174;PA841893;2024-12-24;;PA841893.csv
841919;Femme;1974-07-15;Mantes-la-Jolie;Yvelines;France;;MandatSimple_Type;PM860978;PA841919;2025-01-30;;PA841919.csv
841927;Femme;1978-01-07;Suresnes;Hauts-de-Seine;France;;MandatSimple_Type;PM860799;PA841927;2025-01-29;;PA841927.csv
841931;Homme;1965-08-23;Pantin;Seine-Saint-Denis;France;;MandatSimple_Type;PM856618;PA841931;2025-01-16;;PA841931.csv
841947;Femme;1965-05-14;Amiens;Somme;France;;MandatSimple_Type;PM863215;PA841947;2025-02-06;;PA841947.csv
841955;Homme;1988-05-02;Villeurbanne;Rhône;France;;MandatSimple_Type;PM858731;PA841955;2025-01-23;2025-02-06;PA841955.csv
841973;Homme;1990-03-23;Montauban;Tarn-et-Garonne;France;;MandatSimple_Type;PM873798;PA841973;2025-10-15;;PA841973.csv
841981;Femme;1968-09-13;Avignon;Vaucluse;France;;MandatSimple_Type;PM864697;PA841981;2025-02-11;2025-10-05;PA841981.csv
842001;Homme;1969-11-14;Paris;Paris;France;;MandatSimple_Type;PM864627;PA842001;2025-02-14;;PA842001.csv
842013;Homme;1970-02-05;Arpajon;Essonne;France;;MandatSimple_Type;PM862840;PA842013;2025-02-05;;PA842013.csv
842029;Femme;1994-09-07;Juvisy;Essonne;France;;MandatSimple_Type;PM874737;PA842029;2025-11-07;2025-11-08;PA842029.csv
842037;Homme;1988-05-02;Joigny;Yonne;France;;MandatSimple_Type;PM854939;PA842037;2024-12-20;;PA842037.csv
842045;Femme;1978-08-02;Granville;Manche;France;;MandatSimple_Type;PM850870;PA842045;2024-11-06;;PA842045.csv
842073;Homme;1994-04-05;Brétigny-sur-Orge;Essonne;France;;MandatSimple_Type;PM846117;PA842073;2024-07-20;;PA842073.csv
842085;Homme;1990-07-10;Epinal;Vosges;France;;MandatSimple_Type;PM846372;PA842085;2024-07-20;;PA842085.csv
842097;Femme;1955-12-23;Paris;Paris;France;;MandatMission_Type;PM870088;PA842097;2025-05-28;;PA842097.csv
842105;Homme;1995-01-08;Lyon;Rhône;France;;MandatSimple_Type;PM853419;PA842105;2024-12-06;;PA842105.csv
842121;Homme;1987-12-15;Paris;Paris;France;;MandatSimple_Type;PM874988;PA842121;2025-11-13;2025-11-13;PA842121.csv
842125;Homme;1981-10-22;Villeurbanne;Rhône;France;;MandatSimple_Type;PM865247;PA842125;2025-02-19;;PA842125.csv
842141;Femme;1975-10-07;Paris;Paris;France;;MandatMission_Type;PM870128;PA842141;2025-05-28;;PA842141.csv
842147;Homme;1963-01-09;Marseille;Bouches-du-Rhône;France;;MandatParlementaire_type;PM849135;PA842147;2024-07-07;2025-01-13;PA842147.csv
842155;Homme;1987-03-01;La Courneuve;Seine-Saint-Denis;France;;MandatSimple_Type;PM860047;PA842155;2025-01-28;;PA842155.csv
842183;Homme;1961-05-01;La Rochelle;Charente-Maritime;France;;MandatSimple_Type;PM874986;PA842183;2025-11-13;2025-11-13;PA842183.csv
842187;Femme;1992-05-14;Talence;Gironde;France;;MandatSimple_Type;PM858874;PA842187;2025-01-23;;PA842187.csv
842195;Homme;1986-05-04;Paris;Paris;France;;MandatSimple_Type;PM852730;PA842195;2024-12-04;;PA842195.csv
842211;Femme;1975-07-25;Villepinte;Seine-Saint-Denis;France;;MandatSimple_Type;PM847814;PA842211;2024-09-24;2024-09-26;PA842211.csv
842227;Homme;1971-10-15;Saint-Denis;Réunion;France;;MandatSimple_Type;PM853427;PA842227;2024-12-06;;PA842227.csv
842255;Femme;1967-06-15;Strasbourg;Bas-Rhin;France;;MandatSimple_Type;PM853431;PA842255;2024-12-06;;PA842255.csv
842263;Femme;1982-02-12;Téhéran;;Iran;;MandatSimple_Type;PM873967;PA842263;2025-10-21;2025-11-06;PA842263.csv
842271;Homme;1973-05-10;Epinay-sur-Seine;Seine-Saint-Denis;France;;MandatSimple_Type;PM866337;PA842271;2025-03-06;;PA842271.csv
842279;Femme;1971-03-12;Sada;Mayotte;France;;MandatSimple_Type;PM843780;PA842279;2024-07-08;2024-07-18;PA842279.csv
842299;Homme;1976-03-17;Nouméa;Nouvelle-Calédonie;France;;MandatSimple_Type;PM870702;PA842299;2025-06-05;2025-10-17;PA842299.csv
842311;Homme;1992-12-31;Castres;Tarn;France;;MandatSimple_Type;PM863393;PA842311;2025-02-06;;PA842311.csv
870009;Homme;1981-02-07;Châtenay-Malabry;Hauts-de-Seine;France;;MandatSimple_Type;PM874992;PA870009;2025-11-13;2025-11-13;PA870009.csv
942;Homme;1952-04-02;Paris 16;Paris;France;;MandatSimple_Type;PM850194;PA942;2024-11-05;2024-11-20;PA942.csv
